{"cameraMode":{"drawMode":0,"name":"Shaded","section":"Shading Mode"},"sceneLighting":false,"audioPlay":false,"sceneViewState":{"m_AlwaysRefresh":false,"showFog":true,"showSkybox":false,"showFlares":true,"showImageEffects":true,"showParticleSystems":true,"showVisualEffectGraphs":true,"m_FxEnabled":true},"in2DMode":false,"pivot":{"x":-0.4997873306274414,"y":0.20627117156982423,"z":0.5442333221435547},"rotation":{"x":-0.5387133955955505,"y":0.09458568692207337,"z":-0.061020925641059878,"w":-0.8349413275718689},"size":22.726665496826173,"orthographic":false}